"ranking","song","artist","year","danceability","energy","key","loudness","mode","speechiness","acousticness","instrumentalness","liveness","valence","tempo","duration_ms","time_signature"
37,"'03 Bonnie & Clyde","Jay-Z",2003,0.759,0.678,"A",-5.148,"minor",0.314,0.23,0,0.15,0.327,89.64,205560,4
84,"19 Somethin'","Mark Wills",2003,0.58,0.816,"E",-5.165,"major",0.0726,0.132,0,0.0776,0.814,89.938,200467,4
14,"21 Questions","50 Cent",2003,0.576,0.807,"F#",-3.908,"minor",0.317,0.353,0.000363,0.0512,0.908,90.012,224427,4
14,"21 Questions","Nate Dogg",2003,0.561,0.775,"C#",-6.22,"minor",0.322,0.349,0.000303,0.267,0.85,90.929,134133,4
92,"24/7","Kevon Edmonds",2000,0.696,0.627,"E",-5.629,"major",0.0334,0.0685,0,0.0993,0.322,116.047,274267,4
52,"7 Days","Craig David",2002,0.659,0.812,"E",-7.499,"minor",0.0487,0.23,0,0.0951,0.888,83.014,235133,4
39,"A Moment Like This","Kelly Clarkson",2002,0.414,0.572,"G#",-3.918,"major",0.0311,0.163,0,0.115,0.16,145.184,228280,4
91,"A New Day Has Come","Celine Dion",2002,0.691,0.64,"G#",-5.087,"major",0.0384,0.0247,5.24e-06,0.2,0.452,101.991,210227,4
6,"A Thousand Miles","Vanessa Carlton",2002,0.56,0.825,"B",-3.862,"major",0.0379,0.323,0,0.161,0.268,94.931,237493,4
51,"A Woman's Worth","Alicia Keys",2002,0.652,0.41,"E",-8.323,"minor",0.158,0.333,0,0.064,0.495,75.09,303333,4
35,"Absolutely (Story of a Girl)","Nine Days",2000,0.481,0.94,"G",-5.204,"major",0.066,0.000891,0,0.0939,0.66,96.493,189333,4
40,"Addictive","Truth Hurts",2002,0.701,0.677,"B",-6.591,"minor",0.147,0.0737,0.000162,0.187,0.367,99.271,226440,4
9,"Again","Lenny Kravitz",2001,0.55,0.804,"D",-5.218,"major",0.0271,0.0148,4.33e-05,0.105,0.789,79.166,231667,4
13,"Ain't It Funny (Murder Remix)","Jennifer Lopez",2002,0.781,0.746,"G#",-2.686,"major",0.17,0.364,0,0.098,0.786,89.43,229800,4
40,"Air Force Ones","Nelly",2003,0.784,0.459,"E",-9.74,"minor",0.317,0.0847,0,0.079,0.618,164.062,304000,4
47,"All Falls Down","Kanye West",2004,0.657,0.734,"G#",-4.832,"minor",0.484,0.149,0,0.139,0.434,91.03,223507,4
15,"All I Have","Jennifer Lopez",2003,0.699,0.668,"C#",-5.305,"major",0.106,0.265,0,0.141,0.472,83.074,254467,4
15,"All I Have","LL Cool J",2003,0.707,0.655,"C#",-5.704,"major",0.103,0.264,0,0.126,0.415,83.087,254373,4
23,"All You Wanted","Michelle Branch",2002,0.499,0.72,"G#",-9.101,"major",0.0286,0.00466,0.00303,0.122,0.652,96.103,217680,4
3,"All for You","Janet Jackson",2001,0.753,0.934,"D",-3.011,"major",0.0736,0.0174,0.065,0.128,0.73,113.525,329933,3
41,"All or Nothing","O-Town",2001,0.641,0.453,"C",-4.98,"major",0.0281,0.262,0,0.284,0.216,126.872,248867,4
40,"All the Small Things","Blink 182",2000,0.434,0.897,"C",-4.918,"major",0.0488,0.0103,0,0.612,0.684,148.726,167067,4
12,"Always on Time","Ja Rule",2002,0.832,0.699,"F",-6.322,"minor",0.209,0.202,0,0.131,0.853,96.652,245867,4
12,"Always on Time","Ashanti",2002,0.743,0.779,"G",-6.187,"major",0.054,0.0975,2.85e-06,0.5,0.665,99.308,235813,4
8,"Amazed","Lonestar",2000,0.561,0.543,"C#",-8.498,"major",0.0324,0.26,0,0.124,0.243,139.803,240867,4
17,"Angel","Shaggy",2001,0.74,0.766,"F#",-2.939,"major",0.178,0.116,0,0.0406,0.807,170.531,235133,4
17,"Angel","Rayvon",2001,0.238,0.119,"A#",-13.6,"minor",0.038,0.955,0.00133,0.114,0.0626,80.639,225595,5
69,"Angel","Amanda Perez",2003,0.631,0.496,"A",-8.279,"minor",0.0598,0.428,1.01e-06,0.107,0.365,143.735,217627,4
56,"Are You Happy Now?","Michelle Branch",2003,0.484,0.827,"G#",-5.324,"major",0.046,0.0039,0.00143,0.0876,0.717,179.566,230760,4
76,"Austin","Blake Shelton",2001,0.605,0.609,"G",-7.063,"major",0.0278,0.188,0,0.0982,0.275,119.914,230333,4
81,"Baby","Ashanti",2002,0.71,0.797,"E",-3.006,"minor",0.0582,0.408,0,0.16,0.849,94.998,209120,4
12,"Baby Boy","Beyoncé",2003,0.655,0.488,"C#",-9.17,"major",0.22,0.0825,1.16e-06,0.221,0.791,91.025,244827,4
12,"Baby Boy","Sean Paul",2003,0.677,0.621,"C#",-5.725,"major",0.23,0.0667,2.46e-06,0.142,0.818,91.147,246707,4
33,"Back Here","BBMak",2000,0.624,0.945,"G",-3.109,"major",0.0343,0.0698,4.57e-06,0.0867,0.914,104.77,218200,4
20,"Back at One","Brian McKnight",2000,0.661,0.346,"B",-9.115,"major",0.03,0.452,0,0.131,0.256,129.752,263667,4
69,"Bag Lady","Erykah Badu",2000,0.724,0.416,"F",-8.964,"minor",0.0841,0.365,0,0.0969,0.578,151.181,348893,4
96,"Be Like That","3 Doors Down",2001,0.487,0.702,"G",-6.043,"major",0.0238,0.00528,4.97e-06,0.129,0.306,95.982,265907,4
37,"Be with You","Enrique Iglesias",2000,0.683,0.866,"C#",-5.436,"minor",0.0329,0.0395,0.00161,0.0483,0.542,121.996,219360,4
16,"Beautiful","Christina Aguilera",2003,0.456,0.573,"F",-3.866,"minor",0.0275,0.578,3.05e-06,0.114,0.0992,76.19,238560,4
42,"Beautiful","Snoop Dogg",2003,0.907,0.695,"B",-6.268,"minor",0.135,0.246,0,0.0808,0.961,101.007,298307,4
42,"Beautiful","Pharrell",2003,0.235,0.475,"F",-6.183,"minor",0.0291,0.681,0,0.112,0.144,82.427,239752,4
75,"Beautiful Day","U2",2001,0.539,0.926,"D",-6.495,"major",0.0499,0.014,0.00136,0.36,0.454,136.279,246400,4
75,"Beer for My Horses","Toby Keith",2003,0.717,0.85,"A#",-5.329,"major",0.0473,0.368,0,0.0495,0.805,119.005,204000,4
9,"Bent","Matchbox Twenty",2000,0.518,0.83,"F#",-6.814,"minor",0.0386,0.0404,3.85e-06,0.375,0.527,95.468,256133,4
88,"Better Off Alone","Alice Deejay",2000,0.671,0.882,"G#",-6.149,"minor",0.0552,0.00181,0.667,0.285,0.787,136.955,214883,4
60,"Big Pimpin'","Jay-Z",2000,0.88,0.814,"B",-6.307,"minor",0.14,0.168,0.00672,0.0584,0.942,138.083,283067,4
49,"Blue (Da Ba Dee)","Eiffel 65",2000,0.822,0.969,"G",-11.471,"minor",0.0582,0.259,0.000153,0.39,0.765,128.007,283748,4
10,"Blurry","Puddle of Mudd",2002,0.431,0.938,"D#",-4.507,"minor",0.0542,0.00805,0,0.138,0.523,157.462,304000,4
1,"Breathe","Faith Hill",2000,0.529,0.496,"G",-9.007,"major",0.029,0.173,0,0.251,0.278,136.859,250547,4
30,"Bring It All to Me","Blaque",2000,0.695,0.579,"C",-5.066,"major",0.0325,0.000479,0,0.0556,0.726,88.957,218187,4
10,"Bring Me to Life","Evanescence",2003,0.331,0.943,"E",-3.188,"minor",0.0698,0.00721,2.06e-06,0.242,0.296,94.612,235893,4
84,"Broadway","Goo Goo Dolls",2000,0.527,0.878,"B",-5.704,"major",0.0424,0.000555,0,0.0852,0.757,132.791,238533,4
22,"Bump, Bump, Bump","B2K",2003,0.834,0.685,"C#",-5.862,"minor",0.225,0.0998,0,0.0514,0.877,95.507,278573,4
22,"Bump, Bump, Bump","P. Diddy",2003,0.893,0.369,"G#",-7.128,"minor",0.0507,0.029,0.00058,0.0844,0.926,95.627,227738,4
2,"Burn","Usher",2004,0.796,0.477,"C#",-7.161,"major",0.108,0.314,0,0.12,0.685,119.928,231933,4
64,"Butterflies","Michael Jackson",2002,0.708,0.655,"G#",-2.69,"major",0.0883,0.0583,2.1e-06,0.11,0.545,89.99,279160,4
29,"Butterfly","Crazy Town",2001,0.736,0.811,"A",-4.17,"minor",0.081,0.00132,0.000142,0.107,0.609,103.502,216733,4
21,"Bye Bye Bye","NSYNC",2000,0.61,0.926,"G#",-4.843,"minor",0.0479,0.031,0.0012,0.0821,0.861,172.638,200400,4
45,"Calling All Angels","Train",2003,0.454,0.839,"D#",-5.368,"major",0.0441,0.0746,0,0.279,0.529,166.166,242200,4
56,"Can't Fight the Moonlight","LeAnn Rimes",2002,0.628,0.834,"F#",-6.341,"minor",0.0497,0.403,0,0.051,0.626,97.865,215507,4
45,"Can't Get You Out of My Head","Kylie Minogue",2002,0.536,0.98,"A",-5.679,"minor",0.258,0.13,0.322,0.712,0.243,128.017,365213,4
24,"Can't Let You Go","Fabolous",2003,0.554,0.693,"C#",-6.049,"minor",0.485,0.201,0,0.0885,0.752,192.145,222507,4
72,"Caramel","City High",2002,0.801,0.66,"F",-8.267,"minor",0.286,0.175,9.5e-06,0.0748,0.295,93.036,212293,4
40,"Case of the Ex (Whatcha Gonna Do)","Mýa",2001,0.774,0.684,"C#",-4.721,"minor",0.0408,0.0687,9.34e-05,0.0765,0.354,98.001,236827,4
47,"Cleanin' Out My Closet","Eminem",2002,0.908,0.758,"A",-4.753,"minor",0.174,0.0687,0,0.0783,0.87,148.015,297840,4
81,"Clocks","Coldplay",2003,0.577,0.749,"F",-7.215,"minor",0.0279,0.599,0.0115,0.183,0.255,130.97,307880,4
38,"Come On Over Baby (All I Want Is You)","Christina Aguilera",2000,0.829,0.915,"G#",-3.205,"major",0.106,0.226,1.25e-05,0.246,0.779,118.903,203333,4
92,"Come Over","Aaliyah",2003,0.759,0.458,"F",-7.894,"minor",0.0754,0.559,0.000108,0.164,0.641,109.15,235107,4
11,"Complicated","Avril Lavigne",2002,0.585,0.776,"F",-5.898,"major",0.0459,0.0572,7.74e-06,0.3,0.427,77.987,244507,4
12,"Confessions Part II","Usher",2004,0.845,0.467,"C#",-7.674,"major",0.138,0.0586,0,0.0694,0.702,138.007,211200,4
81,"Contagious","The Isley Brothers",2001,0.709,0.449,"E",-7.251,"minor",0.04,0.24,0,0.134,0.204,113.023,346467,4
29,"Country Grammar (Hot Shit)","Nelly",2000,0.865,0.664,"D",-6.822,"major",0.108,0.00689,0,0.142,0.565,162.831,287000,4
78,"Crash and Burn","Savage Garden",2000,0.581,0.607,"E",-8.458,"major",0.028,0.189,1.6e-06,0.0882,0.213,102.03,281467,4
36,"Crazy","K-Ci & JoJo",2001,0.677,0.648,"C",-4.4,"major",0.0259,0.0987,0,0.554,0.448,116.128,260267,4
54,"Crazy for This Girl","Evan and Jaron",2001,0.457,0.926,"C",-5.461,"major",0.038,0.000487,5.69e-05,0.0949,0.41,93.964,202027,4
4,"Crazy in Love","Beyoncé",2003,0.646,0.77,"D",-6.596,"minor",0.226,0.00249,0,0.0715,0.681,99.165,236133,4
30,"Cry Me a River","Justin Timberlake",2003,0.624,0.654,"G#",-6.582,"minor",0.183,0.577,0,0.104,0.564,73.898,288333,4
46,"Damn!","YoungBloodZ",2003,0.772,0.724,"F#",-5.799,"minor",0.307,0.0149,0,0.355,0.518,84.038,298600,4
46,"Damn!","Lil Jon",2003,0.626,0.513,"D",-8.731,"major",0.448,0.0533,0,0.0805,0.426,141.98,231424,4
89,"Dance with Me","Debelah Morgan",2000,0.85,0.674,"G",-7.981,"minor",0.0373,0.309,0.000645,0.0356,0.74,115.005,220107,4
58,"Danger (Been So Long)","Mystikal",2001,0.92,0.861,"G",-5.435,"major",0.218,0.211,2.59e-05,0.0288,0.718,97.969,211400,4
80,"Days Go By","Dirty Vegas",2002,0.786,0.853,"A",-8.274,"minor",0.0688,0.0499,0.0872,0.35,0.309,126.99,432147,4
50,"Desert Rose","Sting",2000,0.577,0.654,"C",-7.9,"minor",0.0321,0.0143,0,0.114,0.13,111.993,285893,4
50,"Desert Rose","Cheb Mami",2000,0.576,0.738,"C",-9.15,"minor",0.0343,0.224,1.77e-05,0.954,0.398,114.995,377640,4
34,"Diary","Alicia Keys",2004,0.663,0.465,"G#",-9.711,"minor",0.0317,0.555,0.00183,0.125,0.279,127.932,284160,4
50,"Differences","Ginuwine",2001,0.562,0.594,"D#",-4.578,"minor",0.0558,0.318,0,0.311,0.423,62.876,265533,4
4,"Dilemma","Nelly",2002,0.727,0.552,"D",-8.074,"minor",0.14,0.227,0.000164,0.198,0.607,168.189,289160,4
23,"Dip It Low","Christina Milian",2004,0.754,0.718,"B",-4.209,"minor",0.111,0.0122,0.000111,0.0923,0.576,169.116,201000,4
21,"Dirt Off Your Shoulder","Jay-Z",2004,0.78,0.657,"C#",-7.149,"major",0.317,0.0321,2.56e-06,0.339,0.648,163.969,245173,4
48,"Dirty Little Secret","The All-American Rejects",2006,0.465,0.954,"A#",-4.251,"major",0.044,0.000346,5.38e-06,0.573,0.458,143.85,193653,4
85,"Don't Happen Twice","Kenny Chesney",2001,0.499,0.708,"G",-7.029,"major",0.0301,0.00626,1.15e-05,0.0423,0.617,158.785,203067,4
34,"Don't Tell Me","Madonna",2001,0.699,0.618,"G",-7.338,"major",0.0594,0.0502,0.000925,0.0914,0.679,99.965,280973,4
86,"Don't Think I'm Not","Kandi",2000,0.859,0.622,"B",-8.196,"major",0.0445,0.0661,0,0.0394,0.433,134.007,243533,4
71,"Don't Wanna Try","Frankie J",2003,0.655,0.433,"F",-7.577,"minor",0.0348,0.444,0,0.221,0.199,130.127,245293,4
44,"Down 4 U","Charli Baltimore",2002,0.64,0.59,"G",-7.442,"major",0.32,0.252,0,0.665,0.519,83.133,318213,4
19,"Drift Away","Uncle Kracker",2003,0.583,0.66,"B",-5.078,"major",0.0377,0.181,0,0.0979,0.861,151.956,255560,4
19,"Drift Away","Dobie Gray",2003,0.521,0.443,"B",-8.188,"major",0.0395,0.308,0,0.475,0.596,76.228,237467,4
21,"Drive","Incubus",2001,0.645,0.792,"E",-7.34,"minor",0.036,0.0562,0.0121,0.119,0.666,90.565,232453,4
86,"Drive (For Daddy Gene)","Alan Jackson",2002,0.713,0.579,"B",-8.066,"major",0.0413,0.338,0,0.174,0.511,125.179,242733,4
4,"Drops of Jupiter (Tell Me)","Train",2001,0.481,0.638,"C",-5.862,"major",0.0276,0.153,0,0.154,0.497,79.064,259933,4
95,"E.I.","Nelly",2001,0.834,0.481,"D",-7.824,"minor",0.188,0.0732,0,0.0934,0.406,89.849,285907,4
57,"Escape","Enrique Iglesias",2002,0.777,0.852,"B",-5.329,"major",0.0295,0.0299,0.000498,0.145,0.877,125.994,208040,4
5,"Everything You Want","Vertical Horizon",2000,0.636,0.761,"D#",-6.389,"minor",0.0306,0.0517,0,0.0642,0.736,93.896,257067,4
54,"Excuse Me Miss","Jay-Z",2003,0.714,0.862,"F#",-5.531,"major",0.286,0.0305,0,0.0884,0.887,92.849,281240,4
66,"Faded","soulDecision",2000,0.693,0.722,"F#",-6.387,"minor",0.0421,0.244,0,0.0425,0.96,107.975,208667,4
2,"Fallin'","Alicia Keys",2001,0.652,0.609,"B",-7.519,"minor",0.037,0.263,0.00101,0.233,0.482,95.986,210200,3
17,"Family Affair","Mary J. Blige",2002,0.911,0.551,"G#",-3.75,"minor",0.0449,0.132,4.12e-05,0.0863,0.969,92.887,265867,4
45,"Fiesta","R. Kelly",2001,0.92,0.487,"A#",-5.578,"minor",0.182,0.0103,0,0.0411,0.806,92.836,241400,4
79,"Fighter","Christina Aguilera",2003,0.435,0.92,"E",-1.357,"minor",0.201,0.235,0.000353,0.552,0.45,188.899,245960,4
37,"Fill Me In","Craig David",2001,0.682,0.744,"G#",-6.981,"major",0.0365,0.376,0.00951,0.06,0.827,132.493,257200,4
88,"Flying Without Wings","Ruben Studdard",2003,0.498,0.493,"G#",-7.748,"major",0.0369,0.75,0,0.115,0.222,146.049,226133,4
19,"Follow Me","Uncle Kracker",2001,0.817,0.585,"F",-4.688,"major",0.0301,0.439,0,0.147,0.916,105.014,218440,4
2,"Foolish","Ashanti",2002,0.665,0.695,"C",-5.763,"major",0.0532,0.347,0,0.106,0.707,90.119,227387,4
57,"Forever and for Always","Shania Twain",2003,0.469,0.722,"F#",-4.806,"major",0.0326,0.232,0,0.123,0.529,85.984,283000,4
73,"Forgot About Dre","Dr. Dre",2000,0.924,0.74,"G#",-1.299,"major",0.0774,0.0827,0,0.163,0.621,133.974,222293,4
14,"Freek-a-Leek","Petey Pablo",2004,0.756,0.691,"D",-3.718,"major",0.178,0.0744,0,0.364,0.632,104.999,235187,4
77,"From the Bottom of My Broken Heart","Britney Spears",2000,0.677,0.665,"G",-5.171,"major",0.0305,0.56,1.01e-06,0.338,0.706,74.981,312533,4
34,"Frontin'","Pharrell",2003,0.894,0.404,"A",-5.913,"minor",0.13,0.453,1.57e-06,0.0801,0.759,102.009,236507,4
63,"Fuck It (I Don't Want You Back)","Eamon",2004,0.828,0.653,"C",-6.245,"minor",0.0653,0.214,3.25e-06,0.0404,0.575,68.507,225107,4
89,"Full Moon","Brandy",2002,0.692,0.656,"A#",-4.81,"minor",0.151,0.358,0.0029,0.0929,0.629,105.994,248933,4
65,"Game Over (Flip)","Lil' Flip",2004,0.83,0.577,"C#",-8.694,"major",0.405,0.00291,1.24e-06,0.0906,0.665,160.039,232427,4
19,"Gangsta Lovin'","Eve",2002,0.723,0.84,"C#",-3.523,"minor",0.0608,0.0619,0,0.0945,0.827,94.332,239267,4
3,"Get Busy","Sean Paul",2003,0.741,0.824,"A#",-4.143,"minor",0.0352,0.614,0,0.158,0.725,100.216,211666,4
24,"Get It On Tonite","Montell Jordan",2000,0.807,0.498,"A#",-9.91,"minor",0.0756,0.259,3.04e-05,0.0618,0.857,99.001,277413,4
11,"Get Low","Lil Jon & The East Side Boyz",2003,0.521,0.625,"C#",-7.47,"major",0.067,0.0301,0,0.121,0.136,101.019,334067,4
11,"Get Low","Ying Yang Twins",2003,0.734,0.69,"C#",-8.23,"minor",0.0351,2e-04,1.16e-05,0.0951,0.668,101.998,365360,4
70,"Get Low","Lil Jon & the East Side Boyz",2004,0.521,0.625,"C#",-7.47,"major",0.067,0.0301,0,0.121,0.136,101.019,334067,4
35,"Get Ur Freak On","Missy Elliott",2001,0.797,0.75,"C",-9.369,"major",0.247,0.533,0.108,0.095,0.74,177.87,211120,4
74,"Gimme the Light","Sean Paul",2002,0.778,0.761,"D",-5.529,"major",0.0525,0.141,4.6e-05,0.0441,0.923,107.288,228000,4
93,"Girl on TV","LFO",2000,0.688,0.716,"E",-4.001,"minor",0.0297,0.131,0,0.134,0.352,96.043,247600,4
33,"Girlfriend","NSYNC",2002,0.748,0.809,"C",-5.213,"minor",0.0904,0.0857,1.48e-05,0.0282,0.868,93.963,253600,4
33,"Girlfriend","Nelly",2002,0.662,0.967,"F",-3.751,"minor",0.0449,0.0596,0.0768,0.673,0.357,122.999,281667,4
57,"Give Me Just One Night (Una Noche)","98 Degrees",2000,0.543,0.79,"C",-6.145,"major",0.0491,0.0513,3.55e-06,0.0981,0.655,123.631,205160,4
75,"Gone","NSYNC",2002,0.704,0.409,"B",-8.581,"minor",0.0597,0.43,0,0.109,0.495,113.863,292000,4
84,"Good Morning Beautiful","Steve Holy",2002,0.565,0.5,"G",-8.822,"major",0.031,0.452,0,0.137,0.242,70.984,210933,4
9,"Goodies","Ciara",2004,0.826,0.647,"F",-6.306,"minor",0.0491,0.0277,1.52e-06,0.298,0.872,102.017,223000,4
43,"Gossip Folks","Missy Elliott",2003,0.707,0.538,"C",-5.264,"major",0.505,0.362,0,0.317,0.439,121.732,234893,4
61,"Gotta Get thru This","Daniel Bedingfield",2002,0.837,0.765,"G",-5.007,"minor",0.0631,0.0852,7.08e-05,0.1,0.912,133.57,161200,4
98,"Gotta Tell You","Samantha Mumba",2000,0.739,0.75,"C",-4.513,"minor",0.0278,0.205,0,0.157,0.758,109.983,200160,4
78,"Grown Men Don't Cry","Tim McGraw",2001,0.657,0.513,"A#",-8.514,"major",0.024,0.199,0,0.0994,0.56,101.815,235760,4
48,"Halfcrazy","Musiq Soulchild",2002,0.412,0.77,"B",-6.057,"minor",0.18,0.462,1.5e-06,0.0485,0.418,101.955,254493,3
95,"Hands Clean","Alanis Morissette",2002,0.513,0.82,"G",-5.428,"major",0.0299,0.00192,2.83e-06,0.504,0.52,99.952,269400,4
1,"Hanging by a Moment","Lifehouse",2001,0.541,0.864,"C#",-4.915,"major",0.0357,0.00118,0,0.0896,0.435,124.557,216067,4
41,"Happy","Ashanti",2002,0.727,0.515,"D",-6.553,"minor",0.0289,0.241,3.74e-06,0.124,0.695,89.488,262227,4
90,"Have You Forgotten?","Darryl Worley",2003,0.478,0.625,"G",-5.975,"major",0.0341,0.0515,0,0.116,0.343,160.196,242293,4
62,"He Can't Love U","Jagged Edge",2000,0.721,0.836,"G#",-3.972,"minor",0.206,0.112,0,0.235,0.508,126.279,244053,4
28,"He Loves U Not","Dream",2001,0.722,0.926,"G#",-5.849,"major",0.209,0.0945,2.7e-06,0.128,0.605,155.898,226667,4
10,"He Wasn't Man Enough","Toni Braxton",2000,0.739,0.947,"B",-1.916,"minor",0.0411,0.00916,3.14e-05,0.326,0.766,88.009,261933,4
67,"Headsprung","LL Cool J",2004,0.718,0.786,"C",-5.76,"major",0.0284,0.0114,2.5e-05,0.0745,0.465,99.916,267320,4
49,"Headstrong","Trapt",2003,0.492,0.896,"E",-5.819,"minor",0.117,0.000172,2.78e-06,0.189,0.534,184.981,285570,4
64,"Heard It All Before","Sunshine Anderson",2001,0.697,0.925,"D#",-4.209,"minor",0.216,0.0614,0,0.095,0.678,96.951,295827,4
31,"Heaven","DJ Sammy",2002,0.571,0.953,"G#",-5.601,"major",0.0548,0.0011,0.000606,0.226,0.601,137.965,233600,4
31,"Heaven","Yanou",2002,0.805,0.816,"C",-10.058,"minor",0.0835,0.0668,0.925,0.0346,0.891,137.973,235547,4
31,"Heaven","Do",2002,0.306,0.647,"C",-9.969,"major",0.0316,0.0768,0,0.366,0.321,148.087,384467,3
37,"Heaven","Los Lonely Boys",2004,0.653,0.816,"B",-6.373,"major",0.0638,0.376,1.61e-06,0.0754,0.802,91.894,226960,4
74,"Hell Yeah","Ginuwine",2003,0.631,0.714,"F",-7.259,"minor",0.355,0.0272,0,0.564,0.653,87.98,338733,4
74,"Hell Yeah","Baby",2003,0.741,0.548,"B",-10.706,"minor",0.157,0.00012,0.00363,0.254,0.257,140.878,211966,4
59,"Hella Good","No Doubt",2002,0.772,0.665,"G#",-3.947,"major",0.0349,0.0136,0.012,0.0905,0.838,115.138,242587,4
100,"Hemorrhage (In My Hands)","Fuel",2001,0.301,0.823,"C#",-4.072,"major",0.0433,0.000144,0.000309,0.0833,0.372,152.017,236867,4
78,"Here Is Gone","Goo Goo Dolls",2002,0.338,0.685,"C#",-5.178,"major",0.0322,0.00052,0.000512,0.109,0.221,102.192,238173,4
15,"Here Without You","3 Doors Down",2004,0.557,0.533,"A#",-6.817,"minor",0.0252,0.0492,0,0.205,0.233,143.994,238733,4
22,"Hero","Enrique Iglesias",2002,0.581,0.651,"G",-5.617,"major",0.0392,0.143,1.05e-05,0.107,0.146,151.959,264600,4
25,"Hero","Chad Kroeger",2002,0.427,0.843,"E",-4.54,"major",0.0364,0.00216,0,0.179,0.304,147.387,200480,3
25,"Hero","Josey Scott",2002,0.389,0.517,"E",-12.305,"major",0.0361,0.000621,0.462,0.102,0.173,147.15,192993,3
32,"Hey Baby","No Doubt",2002,0.705,0.872,"B",-3.557,"minor",0.126,0.0618,0,0.227,0.75,93.628,207040,4
8,"Hey Ya!","OutKast",2004,0.727,0.974,"E",-2.261,"minor",0.0664,0.103,0.000532,0.174,0.965,79.526,235213,4
11,"Higher","Creed",2000,0.459,0.83,"D",-6.254,"major",0.0364,5.15e-05,0.00014,0.206,0.431,155.827,316733,4
11,"Hit 'Em Up Style (Oops!)","Blu Cantrell",2001,0.667,0.773,"F",-4.983,"minor",0.0586,0.201,0,0.404,0.667,89.976,250707,4
76,"Holidae In","Chingy",2003,0.81,0.791,"G",-5.909,"major",0.181,0.0893,0,0.0838,0.948,153.067,314400,4
32,"Hot Boyz","Missy Elliott",2000,0.727,0.445,"C#",-11.241,"major",0.291,0.339,0,0.18,0.527,81.125,215467,4
3,"Hot in Herre","Nelly",2002,0.956,0.745,"B",-4.753,"minor",0.12,0.206,0,0.0615,0.912,107.075,228240,4
32,"Hotel","Cassidy",2004,0.68,0.659,"C",-6.855,"major",0.211,0.118,0,0.107,0.411,91.259,247040,4
32,"Hotel","R. Kelly",2004,0.869,0.522,"A",-9.845,"minor",0.266,0.0361,0.00711,0.103,0.492,91.148,254867,4
82,"How Do You Like Me Now?!","Toby Keith",2000,0.648,0.667,"C",-8.986,"major",0.0311,0.0534,6.94e-06,0.0908,0.669,109.609,209067,4
31,"How You Gonna Act Like That","Tyrese",2003,0.733,0.521,"D#",-3.657,"minor",0.0457,0.107,0,0.0692,0.525,112.913,294693,4
1,"How You Remind Me","Nickelback",2002,0.446,0.764,"A#",-5.042,"major",0.033,0.00135,0,0.099,0.543,172.094,223840,4
58,"I Can","Nas",2003,0.837,0.885,"F#",-3.914,"minor",0.182,0.103,0,0.0666,0.694,95.313,253720,4
60,"I Do!!","Toya",2001,0.781,0.583,"F#",-7.83,"minor",0.0628,0.0859,0.00216,0.058,0.91,156.264,213493,4
96,"I Don't Wanna","Aaliyah",2000,0.707,0.514,"A",-7.286,"minor",0.0355,0.517,0,0.286,0.687,130.02,256560,4
7,"I Don't Wanna Know","Mario Winans",2004,0.833,0.44,"B",-8.173,"minor",0.0497,0.123,4.38e-05,0.131,0.424,97.01,256013,4
7,"I Don't Wanna Know","P. Diddy",2004,0.73,0.284,"B",-11.288,"minor",0.166,0.0268,0.501,0.217,0.484,193.971,225267,4
32,"I Hope You Dance","Lee Ann Womack",2001,0.385,0.443,"G",-9.627,"minor",0.0295,0.0632,0,0.0898,0.275,151.278,294533,4
56,"I Just Wanna Love U (Give It 2 Me)","Jay-Z",2001,0.8,0.922,"E",-5.125,"minor",0.24,0.301,9.31e-06,0.0352,0.801,98.631,227867,4
7,"I Knew I Loved You","Savage Garden",2000,0.61,0.497,"A",-9.88,"major",0.0279,0.32,6.11e-05,0.0884,0.739,85.031,250360,4
17,"I Know What You Want","Busta Rhymes",2003,0.648,0.759,"F#",-4.315,"major",0.306,0.0142,0,0.648,0.518,85.996,324307,4
91,"I Like It","Sammie",2000,0.826,0.656,"A",-8.529,"major",0.0617,0.0101,0.000113,0.0272,0.852,129.963,251040,4
52,"I Like That","Houston",2004,0.797,0.502,"A#",-3.925,"minor",0.0968,0.0154,0,0.1,0.385,106.997,236520,4
52,"I Like That","Nate Dogg",2004,0.751,0.445,"A#",-7.279,"minor",0.149,0.0508,0,0.355,0.433,107.003,74080,4
52,"I Like That","I-20",2004,0.677,0.623,"A#",-11.675,"major",0.039,0.02,0.746,0.101,0.287,103.008,247615,4
60,"I Love You","Faith Evans",2002,0.489,0.757,"B",-4.062,"minor",0.0926,0.00981,0,0.234,0.567,168.004,267160,4
44,"I Need You","LeAnn Rimes",2000,0.478,0.736,"G",-7.124,"major",0.0367,0.02,9.58e-05,0.118,0.564,144.705,229827,4
15,"I Need a Girl (Part One)","P. Diddy",2002,0.736,0.651,"B",-10.347,"major",0.0536,0.425,0.00722,0.104,0.927,89.214,241074,4
18,"I Need a Girl (Part Two)","P. Diddy",2002,0.59,0.404,"C#",-9.308,"major",0.423,0.328,0,0.0449,0.792,199.75,286043,4
23,"I Need to Know","Marc Anthony",2000,0.813,0.949,"D#",-2.563,"minor",0.0336,0.486,9.75e-06,0.112,0.792,115.061,227707,4
26,"I Try","Macy Gray",2000,0.593,0.642,"D",-7.284,"major",0.0299,0.313,0.000582,0.0804,0.736,76.403,239440,4
42,"I Turn to You","Christina Aguilera",2000,0.599,0.47,"C#",-8.356,"major",0.0376,0.38,0,0.111,0.298,127.177,273707,4
84,"I Wanna Be Bad","Willa Ford",2001,0.647,0.818,"A",-3.47,"minor",0.0647,0.234,1.89e-05,0.216,0.816,180.019,183560,4
4,"I Wanna Know","Joe",2000,0.725,0.487,"G#",-5.959,"minor",0.0368,0.26,1.09e-05,0.431,0.599,136.086,296693,4
56,"I Wanna Love You Forever","Jessica Simpson",2000,0.59,0.666,"E",-4.047,"minor",0.0244,0.156,0,0.136,0.0743,104.042,263800,4
95,"I Want You","Thalía",2003,0.803,0.773,"C",-3.628,"major",0.121,0.0107,0,0.0632,0.708,91.915,226027,4
64,"I Wish","Carl Thomas",2000,0.736,0.666,"C#",-4.929,"major",0.0337,0.0593,3.82e-05,0.107,0.224,89.824,226760,4
87,"I Wish","R. Kelly",2001,0.42,0.463,"F#",-9.056,"major",0.12,0.068,0,0.119,0.659,78.83,334000,4
73,"I'm Already There","Lonestar",2001,0.61,0.446,"D#",-6.258,"major",0.0655,0.916,0,0.221,0.611,133.56,271893,3
29,"I'm Gonna Be Alright","Jennifer Lopez",2002,0.843,0.612,"A#",-4.71,"minor",0.157,0.0573,0.000305,0.154,0.791,93.975,200200,4
5,"I'm Real","Jennifer Lopez",2001,0.708,0.587,"B",-7.93,"minor",0.151,0.273,0,0.0718,0.554,83.46,262133,4
5,"I'm Real","Ja Rule",2001,0.7,0.631,"D",-6.085,"major",0.107,0.401,0,0.119,0.558,83.403,252933,4
60,"I'm Still in Love with You","Sean Paul",2004,0.762,0.669,"G",-5.385,"major",0.169,0.0957,0,0.0619,0.765,86.998,274666,4
89,"I'm a Thug","Trick Daddy",2001,0.613,0.674,"F",-4.759,"major",0.293,0.0877,0,0.138,0.654,179.69,217640,4
18,"I'm with You","Avril Lavigne",2003,0.467,0.667,"C#",-4.386,"major",0.0315,0.007,0,0.155,0.399,91.057,187794,4
3,"If I Ain't Got You","Alicia Keys",2004,0.609,0.444,"G",-9.129,"major",0.106,0.603,6.86e-06,0.104,0.166,118.402,228707,3
69,"If I Could Go!","Angie Martinez",2002,0.592,0.643,"A",-7.486,"minor",0.354,0.169,0,0.0395,0.699,195.558,244467,4
6,"If You're Gone","Matchbox Twenty",2001,0.544,0.659,"A",-7.191,"major",0.0298,0.427,1.33e-06,0.126,0.361,109.933,274933,4
60,"If You're Not the One","Daniel Bedingfield",2003,0.687,0.537,"A#",-7.639,"major",0.0305,0.561,0,0.107,0.264,120.023,257160,4
2,"Ignition","R. Kelly",2003,0.795,0.523,"C#",-7.165,"major",0.0423,0.061,0,0.0914,0.855,133.024,186067,4
50,"In Those Jeans","Ginuwine",2003,0.691,0.541,"C#",-5.873,"major",0.0776,0.508,0,0.0753,0.319,127.683,243307,4
1,"In da Club","50 Cent",2003,0.902,0.72,"F#",-2.776,"minor",0.347,0.26,0,0.0749,0.805,90.059,193467,4
7,"In the End","Linkin Park",2002,0.556,0.864,"D#",-5.87,"minor",0.0584,0.00958,0,0.209,0.4,105.143,216880,4
25,"Incomplete","Sisqó",2000,0.746,0.443,"C#",-7.693,"minor",0.0771,0.282,0,0.14,0.272,119.311,274227,4
23,"Into You","Fabolous",2003,0.546,0.538,"G",-7.886,"minor",0.0523,0.233,0,0.118,0.58,182.12,295773,4
23,"Into You","Tamia",2003,0.656,0.479,"G",-7.055,"minor",0.0348,0.0665,0.00272,0.168,0.708,184.374,261867,4
73,"Intuition","Jewel",2003,0.718,0.798,"G",-4.309,"major",0.0586,0.00447,0.00632,0.0639,0.814,100.03,228893,4
63,"Irresistible","Jessica Simpson",2001,0.659,0.966,"G#",-2.783,"minor",0.0538,0.0279,8.25e-05,0.0489,0.687,93.008,193600,4
34,"It Feels So Good","Sonique",2000,0.634,0.677,"F",-7.278,"minor",0.0304,0.0117,0.00103,0.126,0.558,135.012,240867,4
12,"It Wasn't Me","Shaggy",2001,0.853,0.606,"C",-4.596,"major",0.0713,0.0561,0,0.313,0.654,94.759,227600,4
14,"It's Been Awhile","Staind",2001,0.425,0.814,"F#",-5.105,"major",0.0453,0.00112,0.0499,0.727,0.078,119.582,267347,4
65,"It's Five O'Clock Somewhere","Alan Jackson",2003,0.713,0.772,"D",-6.69,"major",0.0372,0.208,0,0.211,0.88,125.202,230133,4
65,"It's Five O'Clock Somewhere","Jimmy Buffett",2003,0.615,0.711,"D",-10.398,"major",0.0458,0.571,0.00389,0.957,0.857,127.751,224453,4
27,"It's Gonna Be Me","'N Sync",2000,0.81,0.48,"G#",-12.446,"major",0.138,0.0188,1.58e-05,0.0807,0.672,82.493,193278,4
88,"It's a Great Day to Be Alive","Travis Tritt",2001,0.336,0.854,"G",-1.895,"major",0.0443,0.278,0,0.874,0.536,140.77,249987,4
52,"Izzo (H.O.V.A.)","Jay-Z",2001,0.618,0.844,"C#",-4.051,"minor",0.342,0.0178,0.000126,0.0634,0.697,84.411,240627,4
47,"Jaded","Aerosmith",2001,0.518,0.866,"A",-4.476,"major",0.0509,0.00413,1.93e-05,0.246,0.671,117.983,215824,4
55,"Jenny from the Block","Jennifer Lopez",2003,0.84,0.762,"F#",-5.454,"major",0.226,0.00736,3.77e-06,0.0615,0.946,99.987,189765,4
55,"Jenny from the Block","Jadakiss",2003,0.823,0.714,"F#",-9.926,"major",0.103,0.00432,0.21,0.0621,0.891,99.992,190589,4
55,"Jenny from the Block","Styles P",2003,0.823,0.714,"F#",-9.926,"major",0.103,0.00432,0.21,0.0621,0.891,99.992,190589,4
43,"Jesus Walks","Kanye West",2004,0.637,0.834,"D#",-4.686,"minor",0.323,0.614,0,0.317,0.715,87.312,193733,4
34,"Just a Friend 2002","Mario",2002,0.538,0.677,"C",-6.099,"major",0.187,0.00541,0,0.236,0.913,132.346,214200,5
15,"Kryptonite","3 Doors Down",2000,0.545,0.865,"B",-5.708,"minor",0.0286,0.00664,1.1e-05,0.168,0.543,99.009,233933,4
24,"Lady Marmalade","Christina Aguilera",2001,0.754,0.811,"F",-3.679,"major",0.0561,0.0185,5.18e-06,0.654,0.639,109.902,267960,4
24,"Lady Marmalade","Lil' Kim",2001,0.876,0.398,"C",-11.44,"major",0.0366,0.00184,0.246,0.104,0.846,110.014,271581,4
24,"Lady Marmalade","Mýa",2001,0.876,0.398,"C",-11.44,"major",0.0366,0.00184,0.246,0.104,0.846,110.014,271581,4
24,"Lady Marmalade","Pink",2001,0.876,0.398,"C",-11.44,"major",0.0366,0.00184,0.246,0.104,0.846,110.014,271581,4
35,"Landslide","Dixie Chicks",2003,0.604,0.522,"E",-9.612,"minor",0.0271,0.298,0.0533,0.092,0.337,146.007,227004,4
10,"Lean Back","Terror Squad",2004,0.783,0.916,"C#",-3.344,"major",0.415,0.11,0,0.0746,0.695,95.321,247427,4
10,"Lean Back","Fat Joe",2004,0.611,0.754,"C#",-5.035,"minor",0.366,0.116,0,0.0945,0.565,126.961,290267,5
40,"Leave (Get Out)","JoJo",2004,0.491,0.73,"D",-4.399,"minor",0.0432,0.039,0,0.112,0.461,87.098,239560,4
7,"Let Me Blow Ya Mind","Eve",2001,0.908,0.557,"G#",-4.243,"minor",0.107,0.242,0,0.0709,0.897,90.032,230133,4
46,"Let's Get Married","Jagged Edge",2000,0.707,0.492,"B",-11.754,"major",0.0418,0.211,0,0.143,0.643,96.807,340000,4
1,"Levitating","Dua Lipa",2021,0.702,0.825,"F#",-3.787,"minor",0.0601,0.00883,0,0.0674,0.915,102.977,203064,4
49,"Lights, Camera, Action!","Mr. Cheeks",2002,0.85,0.893,"C#",-6.496,"major",0.185,0.027,0,0.0796,0.811,105.522,246200,4
66,"Like Glue","Sean Paul",2003,0.757,0.78,"C#",-5.038,"major",0.319,0.0811,0,0.113,0.589,97.917,232507,4
99,"Like I Love You","Justin Timberlake",2002,0.853,0.811,"F#",-4.927,"minor",0.0646,0.0439,0.000307,0.0703,0.9,114.964,283627,4
96,"Like a Stone","Audioslave",2003,0.614,0.568,"G",-5.477,"minor",0.0276,0.00797,0,0.0997,0.516,107.849,293960,4
76,"Livin' It Up","Ja Rule",2002,0.875,0.774,"F#",-4.087,"major",0.309,0.0547,0,0.0414,0.606,106.027,257133,4
93,"Living and Living Well","George Strait",2002,0.602,0.683,"C#",-6.82,"major",0.0304,0.347,0.00338,0.11,0.522,120.787,218307,4
44,"Locked Up","Akon",2004,0.833,0.568,"G",-4.312,"major",0.0847,0.0262,0,0.11,0.369,89.958,235067,4
28,"Lose Yourself","Eminem",2003,0.692,0.744,"D",-4.565,"major",0.257,0.00868,0.000423,0.359,0.0612,171.374,326467,4
67,"Love","Musiq Soulchild",2001,0.569,0.385,"C#",-9.919,"minor",0.0499,0.342,0,0.0876,0.339,99.738,304667,4
26,"Love Don't Cost a Thing","Jennifer Lopez",2001,0.786,0.842,"E",-5.115,"minor",0.0707,0.00305,3.54e-06,0.473,0.685,97.577,221227,4
78,"Love of My Life (An Ode to Hip-Hop)","Erykah Badu",2003,0.618,0.413,"F",-9.311,"minor",0.398,0.134,0.000338,0.0913,0.462,87.412,337573,4
80,"Loverboy","Mariah Carey",2001,0.721,0.79,"C#",-4.125,"major",0.124,0.183,0,0.1,0.821,103.141,229173,4
73,"Luv U Better","LL Cool J",2002,0.667,0.808,"F#",-3.878,"major",0.238,0.239,0,0.298,0.712,95.075,286907,4
20,"Magic Stick","Lil' Kim",2003,0.849,0.499,"D",-7.872,"major",0.271,0.117,4.97e-05,0.268,0.504,92.982,359973,4
3,"Maria Maria","Santana",2000,0.777,0.601,"D",-5.931,"major",0.126,0.0406,0.00201,0.0348,0.68,97.911,261973,4
26,"Me, Myself and I","Beyoncé",2004,0.75,0.458,"C#",-9.092,"major",0.0803,0.226,3.25e-05,0.137,0.536,83.61,301133,4
51,"Meant to Live","Switchfoot",2004,0.397,0.903,"D",-4.577,"major",0.0457,0.00575,1.6e-06,0.362,0.556,151.551,201373,4
70,"Meet Virginia","Train",2000,0.675,0.553,"G",-7.775,"major",0.0486,0.0863,7.58e-06,0.118,0.594,90.02,239933,4
25,"Mesmerize","Ja Rule",2003,0.764,0.648,"C#",-6.639,"major",0.206,0.0563,0,0.414,0.391,90.1,278720,4
41,"Milkshake","Kelis",2004,0.891,0.77,"C#",-6.124,"major",0.0439,0.00862,0.0315,0.155,0.819,112.997,182627,4
44,"Miss Independent","Kelly Clarkson",2003,0.655,0.623,"B",-6.302,"minor",0.116,0.0861,0.000346,0.0652,0.615,175.973,214787,4
8,"Miss You","Aaliyah",2003,0.678,0.338,"A#",-9.899,"major",0.0319,0.655,0,0.215,0.502,109.888,245227,4
49,"Missing You","Case",2001,0.612,0.579,"C#",-6.417,"minor",0.0553,0.285,0,0.0556,0.716,86.31,284667,4
58,"More Than A Woman","Aaliyah",2002,0.655,0.649,"C#",-5.653,"minor",0.089,0.0793,0.000393,0.117,0.759,86.968,229867,4
55,"Move Bitch","Ludacris",2002,0.777,0.764,"C#",-5.681,"major",0.141,0.243,0,0.103,0.174,177.868,270867,4
22,"Move Ya Body","Nina Sky",2004,0.87,0.712,"B",-6.313,"minor",0.0432,0.0202,0.000331,0.0576,0.877,121.057,232000,4
25,"Ms. Jackson","Outkast",2001,0.843,0.806,"E",-5.946,"minor",0.269,0.143,0,0.0771,0.613,94.948,270507,4
17,"Music","Madonna",2000,0.736,0.802,"G",-8.527,"major",0.0663,0.00149,0.0876,0.14,0.871,119.854,225973,4
83,"Music","Erick Sermon",2001,0.897,0.466,"A#",-9.053,"minor",0.203,0.187,1.35e-06,0.0757,0.884,100.01,223133,4
83,"Music","Marvin Gaye",2001,0.866,0.638,"F#",-7.779,"minor",0.0343,0.253,0.000251,0.0784,0.8,104.048,307533,4
74,"My Baby","Lil' Romeo",2001,0.82,0.761,"C#",-2.714,"major",0.219,0.0481,0,0.218,0.584,97.423,221000,4
59,"My Band","D12",2004,0.851,0.849,"C#",-3.383,"minor",0.0828,0.497,2.05e-06,0.116,0.844,120.014,298773,4
83,"My Best Friend","Tim McGraw",2000,0.444,0.484,"A",-8.311,"major",0.0289,0.12,0,0.135,0.263,147.715,279867,4
24,"My Boo","Usher",2004,0.662,0.507,"F",-8.238,"major",0.118,0.257,0,0.0465,0.676,86.412,223440,4
68,"My Front Porch Looking In","Lonestar",2003,0.529,0.811,"F",-5.62,"major",0.0511,0.0317,0,0.311,0.454,102.703,223573,4
54,"My Happy Ending","Avril Lavigne",2004,0.414,0.936,"D",-2.407,"major",0.0758,0.00136,0,0.369,0.74,170.229,242413,4
19,"My Immortal","Evanescence",2004,0.19,0.265,"A",-9.206,"major",0.0356,0.863,0,0.134,0.101,79.012,262533,4
94,"My List","Toby Keith",2002,0.629,0.737,"C#",-4.309,"minor",0.0323,0.332,0,0.147,0.341,87.068,199813,4
64,"My Love Is Like...Wo","Mýa",2003,0.835,0.678,"E",-6.458,"major",0.124,0.227,6.44e-06,0.287,0.708,132.868,209490,4
47,"My Love Is Your Love","Whitney Houston",2000,0.77,0.475,"G",-9.512,"major",0.159,0.0561,4.72e-06,0.0607,0.473,82.511,261573,4
30,"My Place","Nelly",2004,0.6,0.641,"C#",-4.237,"minor",0.0423,0.0498,1.49e-06,0.0982,0.642,163.153,336507,4
20,"My Sacrifice","Creed",2002,0.32,0.88,"D",-6.035,"major",0.0504,0.000101,4.31e-06,0.076,0.257,146.349,294600,4
18,"Naughty Girl","Beyoncé",2004,0.588,0.461,"F#",-8.686,"minor",0.161,0.237,1.54e-05,0.0913,0.659,200.053,208573,4
61,"Never Had a Dream Come True","S Club 7",2001,0.639,0.534,"F",-5.588,"major",0.0281,0.508,0,0.0948,0.434,122.931,240492,4
41,"Never Leave You (Uh Oooh, Uh Oooh)","Lumidee",2003,0.811,0.657,"F#",-6.197,"major",0.362,0.0391,0.712,0.0798,0.777,199.958,184907,4
43,"Never Let You Go","Third Eye Blind",2000,0.728,0.94,"E",-5.034,"major",0.0368,0.0814,0.000162,0.109,0.967,113.76,237240,4
33,"No Letting Go","Wayne Wonder",2003,0.496,0.819,"F",-5.656,"minor",0.0444,0.0479,0.000215,0.177,0.317,100.215,202013,4
39,"No More","Ruff Endz",2000,0.839,0.641,"A#",-5.669,"minor",0.0858,0.0324,4.56e-06,0.0602,0.927,97.004,242560,4
69,"No More (Baby I'ma Do Right)","3LW",2001,0.721,0.723,"D",-7.08,"minor",0.0631,0.102,4.4e-06,0.0651,0.761,88.933,263440,4
79,"No More Drama","Mary J. Blige",2002,0.653,0.837,"F#",-6.818,"minor",0.124,0.534,7.12e-05,0.0784,0.64,97.914,326240,4
91,"No Shoes, No Shirt, No Problems","Kenny Chesney",2003,0.719,0.546,"G",-10.239,"major",0.032,0.243,0.00844,0.181,0.669,117.925,209667,4
42,"No Such Thing","John Mayer",2002,0.668,0.739,"E",-4.919,"major",0.0308,0.0383,0,0.13,0.571,131.918,231467,4
55,"Nobody Wants to Be Lonely","Ricky Martin",2001,0.635,0.854,"A#",-5.02,"minor",0.0612,0.00579,0.0083,0.0623,0.59,100.851,252707,4
37,"Nothin'","N.O.R.E.",2002,0.791,0.863,"D#",-6.118,"minor",0.151,0.317,1.13e-06,0.27,0.742,97.035,264653,4
33,"Numb","Linkin Park",2004,0.496,0.863,"A",-4.153,"major",0.0381,0.0046,0,0.639,0.243,110.018,185587,4
55,"On Fire","Lloyd Banks",2004,0.759,0.825,"G#",-4.289,"major",0.22,0.0923,0.00057,0.24,0.429,94.857,187280,4
25,"One Call Away","Chingy",2004,0.765,0.821,"E",-5.926,"minor",0.183,0.0918,0,0.217,0.962,162.519,276800,4
27,"One Last Breath","Creed",2002,0.386,0.677,"D",-5.83,"major",0.0346,0.00841,0.00366,0.341,0.195,126.602,238240,4
57,"One Minute Man","Missy Elliott",2001,0.622,0.669,"A",-8.419,"major",0.329,0.0266,2.97e-06,0.152,0.57,93.839,252987,4
86,"One More Day","Diamond Rio",2001,0.668,0.405,"E",-7.629,"major",0.0277,0.592,0,0.115,0.234,131.064,216173,4
66,"One Thing","Finger Eleven",2004,0.588,0.555,"C#",-9.401,"major",0.0334,0.447,0,0.0806,0.445,151.991,279573,4
67,"Only God Knows Why","Kid Rock",2000,0.628,0.749,"E",-5.18,"major",0.03,0.0569,0.00204,0.134,0.31,129.2,327667,4
59,"Only Time","Enya",2001,0.418,0.249,"D#",-13.744,"major",0.0301,0.841,0.661,0.112,0.213,82.803,218547,4
98,"Oochie Wally","Nas",2001,0.655,0.759,"G",-6.408,"major",0.321,0.0546,0.000586,0.589,0.711,93.704,297907,4
98,"Oochie Wally","Bravehearts",2001,0.586,0.424,"G",-17.692,"major",0.382,0.0643,0.000669,0.499,0.789,93.253,238413,4
38,"Oops (Oh My)","Tweet",2002,0.66,0.536,"A#",-8.786,"minor",0.29,0.233,0.00669,0.111,0.775,159.963,237800,4
55,"Oops!... I Did It Again","Britney Spears",2000,0.751,0.834,"C#",-5.444,"minor",0.0437,0.3,1.77e-05,0.355,0.894,95.053,211160,4
59,"Otherside","Red Hot Chili Peppers",2000,0.458,0.795,"C",-3.265,"major",0.0574,0.00316,0.000202,0.0756,0.513,123.229,255373,4
31,"Overnight Celebrity","Twista",2004,0.828,0.792,"A#",-5.435,"minor",0.179,0.182,0,0.281,0.777,134.199,233360,4
21,"P.I.M.P.","50 Cent",2003,0.7,0.758,"A#",-3.012,"minor",0.342,0.0444,1.3e-05,0.0401,0.889,78.693,249467,4
71,"Party Up (Up in Here)","DMX",2000,0.736,0.834,"C#",-3.052,"minor",0.0969,0.077,0,0.407,0.234,100.979,297040,4
62,"Pass the Courvoisier, Part II","Busta Rhymes",2002,0.697,0.793,"F#",-4.699,"minor",0.323,0.0844,0,0.0619,0.56,89.767,238600,4
20,"Peaches & Cream","112",2001,0.706,0.537,"G",-6.347,"major",0.348,0.00887,0,0.129,0.775,203.746,225947,4
9,"Picture","Kid Rock",2003,0.692,0.496,"G",-7.332,"major",0.0241,0.172,6.42e-06,0.107,0.376,97.945,298960,4
39,"Pieces of Me","Ashlee Simpson",2004,0.532,0.807,"D",-4.301,"major",0.057,0.0584,0,0.114,0.759,87.183,217440,4
72,"Play","Jennifer Lopez",2001,0.775,0.729,"C#",-4.229,"minor",0.162,0.0303,0.00247,0.0361,0.895,104.719,211493,4
48,"Promise","Jagged Edge",2001,0.751,0.568,"F",-5.431,"minor",0.0872,0.136,0,0.0288,0.646,128.002,246720,4
61,"Purest of Pain (A Puro Dolor)","Son by Four",2000,0.593,0.939,"G",-3.431,"major",0.0616,0.45,1.33e-05,0.109,0.743,134.108,247480,4
30,"Put It on Me","Ja Rule",2001,0.831,0.79,"C#",-4.714,"minor",0.165,0.0024,0,0.0515,0.791,93.14,262827,4
30,"Put It on Me","Vita",2001,0.481,0.542,"D",-7.62,"major",0.363,0.0649,0,0.554,0.366,96.471,209164,4
83,"Rain on Me","Ashanti",2003,0.606,0.699,"G#",-3.103,"minor",0.0337,0.343,1.89e-06,0.0757,0.509,83.701,297960,4
67,"Rainy Dayz","Mary J. Blige",2002,0.476,0.663,"F#",-6.905,"major",0.191,0.182,0,0.321,0.525,74.884,276360,4
64,"Read Your Mind","Avant",2004,0.755,0.381,"G#",-6.696,"minor",0.0711,0.291,5.13e-06,0.0974,0.695,73.108,263507,4
99,"Real Good Man","Tim McGraw",2003,0.56,0.827,"D",-5.393,"major",0.0266,0.00986,1.13e-05,0.328,0.639,89.93,254600,4
86,"Red Dirt Road","Brooks & Dunn",2003,0.595,0.44,"E",-7.795,"major",0.0309,0.629,4.71e-06,0.0914,0.336,128.334,236973,4
18,"Ride wit Me","Nelly",2001,0.85,0.7,"G",-6.49,"major",0.0478,0.0616,1.8e-06,0.244,0.722,101.875,291782,4
7,"Right Thurr","Chingy",2003,0.866,0.749,"D",-3.977,"major",0.253,0.15,0,0.0614,0.891,92.074,250747,4
32,"Rock Your Body","Justin Timberlake",2003,0.892,0.714,"E",-6.055,"minor",0.141,0.201,0.000234,0.0521,0.817,100.972,267267,4
85,"Rock the Boat","Aaliyah",2002,0.637,0.725,"F",-5.073,"major",0.0333,0.0702,0.00438,0.203,0.415,92.99,274733,4
29,"Rock wit U (Awww Baby)","Ashanti",2003,0.71,0.797,"E",-3.006,"minor",0.0582,0.408,0,0.16,0.849,94.998,209120,4
77,"Rollout (My Business)","Ludacris",2002,0.921,0.668,"G",-8.73,"major",0.235,0.0949,0,0.592,0.892,131.059,296587,4
56,"Roses","OutKast",2004,0.751,0.708,"C",-5.653,"major",0.0545,0.0482,1.85e-05,0.107,0.509,108.97,369573,4
49,"Salt Shaker","Ying Yang Twins",2004,0.884,0.697,"B",-6.022,"major",0.128,0.0509,0,0.094,0.322,101.965,252440,4
100,"Say Yes","Floetry",2003,0.747,0.398,"F",-12.932,"minor",0.0743,0.211,1.42e-06,0.113,0.428,117.901,268373,1
63,"Separated","Avant",2000,0.798,0.48,"C",-5.564,"major",0.0276,0.247,0,0.237,0.643,108.241,255600,4
100,"Shackles (Praise You)","Mary Mary",2000,0.779,0.834,"G",-2.773,"major",0.162,0.0343,0,0.0886,0.8,100.46,198347,4
68,"Shake Ya Ass","Mystikal",2000,0.914,0.607,"G",-5.658,"major",0.32,0.0626,0,0.0515,0.666,98.054,256973,4
13,"Shake Ya Tailfeather","Nelly",2003,0.527,0.808,"C#",-4.749,"major",0.295,0.176,0,0.169,0.907,87.025,293667,4
13,"Shake Ya Tailfeather","P. Diddy",2003,0.579,0.716,"F",-10.267,"minor",0.35,0.295,0,0.228,0.715,87.642,295840,4
13,"Shake Ya Tailfeather","Murphy Lee",2003,0.715,0.733,"C#",-7.068,"major",0.262,0.134,0,0.157,0.897,87.665,295173,4
70,"She Hates Me","Puddle of Mudd",2003,0.58,0.748,"E",-5.433,"major",0.0323,0.00935,0,0.753,0.584,109.781,216760,4
35,"She Will Be Loved","Maroon 5",2004,0.651,0.663,"C",-5.569,"minor",0.0281,0.228,0,0.0994,0.465,102,259453,4
31,"Show Me the Meaning of Being Lonely","Backstreet Boys",2000,0.63,0.625,"F#",-5.088,"minor",0.0252,0.231,0,0.0765,0.683,167.998,234960,4
93,"Sick of Being Lonely","Field Mob",2003,0.692,0.921,"G#",-4.853,"major",0.105,0.0016,2.05e-05,0.299,0.856,173.837,229160,4
89,"Sing for the Moment","Eminem",2003,0.668,0.824,"F",-4.164,"minor",0.137,0.0017,3.05e-06,0.0426,0.185,163.961,339547,4
96,"Sk8er Boi","Avril Lavigne",2002,0.487,0.9,"C",-4.417,"major",0.0482,6.79e-05,0,0.358,0.484,149.937,204000,4
16,"Slow Jamz","Twista",2004,0.559,0.733,"D",-5.659,"minor",0.171,0.314,0,0.284,0.611,145.115,316053,4
13,"Slow Motion","Juvenile",2004,0.713,0.734,"C",-4.894,"minor",0.325,0.548,0,0.0687,0.89,172.872,248200,4
13,"Slow Motion","Soulja Slim",2004,0.718,0.749,"G#",-4.964,"major",0.306,0.521,0,0.748,0.906,173.054,199187,4
2,"Smooth","Santana",2000,0.609,0.923,"A",-3.908,"major",0.0338,0.16,4.73e-06,0.295,0.961,115.996,294987,4
2,"Smooth","Rob Thomas",2000,0.59,0.637,"A",-9.171,"major",0.0301,0.00225,0.807,0.299,0.724,115.983,244924,4
94,"So Fresh, So Clean","Outkast",2001,0.725,0.64,"F",-7.905,"minor",0.332,0.0281,0,0.099,0.915,166.028,240027,3
39,"So Gone","Monica",2003,0.618,0.552,"G#",-6.863,"major",0.0981,0.176,0,0.252,0.586,81.975,242773,4
35,"Soak Up the Sun","Sheryl Crow",2002,0.717,0.733,"E",-4.985,"major",0.0427,0.0398,0,0.136,0.713,119.996,292307,4
17,"Someday","Nickelback",2004,0.455,0.858,"B",-5.659,"minor",0.0391,0.000616,0.000247,0.226,0.597,163.118,207467,4
38,"Someone to Call My Lover","Janet Jackson",2001,0.738,0.914,"D",-4.203,"major",0.0434,0.144,0.00099,0.182,0.935,127.885,272360,4
53,"Sorry 2004","Ruben Studdard",2004,0.721,0.472,"A",-7.574,"major",0.0619,0.076,0,0.332,0.462,129.964,261867,4
33,"South Side","Moby",2001,0.611,0.724,"E",-7.572,"major",0.0421,0.0104,0.0452,0.0748,0.45,97.148,229733,4
33,"South Side","Gwen Stefani",2001,0.523,0.489,"E",-9.626,"major",0.0332,0.00417,0.0815,0.0817,0.352,97.086,230322,4
77,"Southern Hospitality","Ludacris",2001,0.623,0.896,"C",-4.719,"major",0.247,0.035,0,0.0941,0.613,95.158,300933,4
42,"Splash Waterfalls","Ludacris",2004,0.734,0.846,"B",-6.102,"major",0.409,0.101,0,0.233,0.702,145.894,290760,4
45,"Stand Up","Ludacris",2004,0.751,0.84,"F#",-4.855,"major",0.349,0.367,0,0.0916,0.801,99.057,213760,4
87,"Standing Still","Jewel",2002,0.614,0.681,"D",-6.616,"major",0.0337,0.152,7.32e-06,0.0797,0.341,123.898,270333,4
50,"Still Fly","Big Tymers",2002,0.675,0.607,"B",-3.538,"major",0.162,0.0302,8.97e-06,0.339,0.56,177.928,335613,4
62,"Stranger in My House","Tamia",2001,0.676,0.601,"C",-4.905,"major",0.0297,0.103,0,0.147,0.206,119.94,285387,4
13,"Stutter","Joe",2001,0.767,0.759,"F#",-6.516,"major",0.117,0.0513,0,0.31,0.677,89.989,213027,4
46,"Suga Suga","Baby Bash",2004,0.662,0.748,"F",-3.041,"minor",0.268,0.688,8.43e-06,0.0841,0.535,82.331,239027,4
46,"Suga Suga","Frankie J",2004,0.684,0.522,"G",-10.726,"major",0.0479,0.276,0,0.0857,0.809,128.622,147840,3
20,"Sunshine","Lil' Flip",2004,0.814,0.387,"C",-9.867,"major",0.0946,0.0248,0,0.131,0.792,93.961,225173,4
98,"Superman","Eminem",2003,0.802,0.755,"E",-3.138,"minor",0.0564,0.0215,0,0.295,0.58,130.027,350320,4
46,"Superman (It's Not Easy)","Five for Fighting",2002,0.382,0.416,"C",-9.303,"major",0.0302,0.0733,0,0.0719,0.125,102.089,221693,4
53,"Superwoman Pt. II","Lil' Mo",2001,0.768,0.541,"F#",-5.183,"minor",0.1,0.286,0,0.107,0.645,95.715,265588,4
75,"Swear It Again","Westlife",2000,0.626,0.532,"A",-7.205,"major",0.0275,0.296,0,0.122,0.33,130.071,248240,4
58,"Take a Picture","Filter",2000,0.541,0.776,"D",-8.042,"major",0.0298,0.00147,0.000221,0.178,0.282,98.986,363800,4
45,"Thank God I Found You","Mariah Carey",2000,0.348,0.532,"A#",-5.882,"major",0.0331,0.592,0,0.106,0.148,129.297,257360,4
8,"Thank You","Dido",2001,0.725,0.583,"C#",-9.942,"minor",0.0427,0.3,0.000238,0.0665,0.762,79.984,218360,4
80,"The Best Day","George Strait",2000,0.647,0.49,"A",-5.044,"major",0.0288,0.676,0,0.231,0.298,132.336,204067,4
28,"The First Cut Is the Deepest","Sheryl Crow",2004,0.501,0.749,"D",-4.537,"major",0.0279,0.0176,0,0.114,0.673,159.817,226200,4
27,"The Game of Love","Santana",2003,0.59,0.929,"D",-3.236,"major",0.0478,0.0714,0.000153,0.0598,0.674,119.818,254467,4
27,"The Game of Love","Michelle Branch",2003,0.628,0.614,"D",-10.19,"major",0.0287,0.0211,0.037,0.0752,0.752,119.824,260853,4
82,"The Good Stuff","Kenny Chesney",2002,0.612,0.62,"G",-9.785,"major",0.0645,0.255,0,0.129,0.502,143.78,200440,4
72,"The Jump Off","Lil' Kim",2003,0.837,0.736,"A#",-8.367,"minor",0.378,0.225,0,0.0549,0.905,104.907,234093,4
14,"The Middle","Jimmy Eat World",2002,0.643,0.849,"D",-5.428,"major",0.0526,0.0371,0,0.058,0.903,162.152,165853,4
76,"The Next Episode","Dr. Dre",2000,0.922,0.909,"A#",-2.429,"minor",0.27,0.0281,0,0.0856,0.309,95.295,161507,4
51,"The Real Slim Shady","Eminem",2000,0.949,0.661,"F",-4.244,"minor",0.0572,0.0302,0,0.0454,0.76,104.504,284200,4
6,"The Reason","Hoobastank",2004,0.472,0.671,"E",-4.649,"major",0.029,0.0129,0,0.159,0.0681,82.952,232800,4
52,"The Remedy (I Won't Worry)","Jason Mraz",2003,0.589,0.867,"A#",-4.523,"major",0.0385,0.041,0,0.306,0.795,94.52,256441,4
65,"The Space Between","Dave Matthews Band",2001,0.406,0.73,"A",-6.278,"major",0.0315,0.0471,0,0.229,0.207,170.032,242000,4
27,"The Way You Love Me","Faith Hill",2001,0.627,0.716,"D",-7.175,"major",0.0352,0.127,0,0.0344,0.734,101.99,186067,4
5,"The Way You Move","OutKast",2004,0.871,0.597,"F",-4.932,"minor",0.0464,0.126,0.000113,0.0638,0.635,125.999,234000,4
70,"The Whole World","Outkast",2002,0.814,0.852,"D",-6.176,"major",0.401,0.0958,1.32e-06,0.0288,0.717,184.682,295347,3
48,"Then the Morning Comes","Smash Mouth",2000,0.729,0.881,"F",-5.024,"minor",0.0283,0.0231,0,0.0872,0.963,118.58,182267,4
16,"There You Go","Pink",2000,0.242,0.891,"G",-2.71,"major",0.0443,0.00559,0.215,0.104,0.515,156.288,297777,4
66,"There You'll Be","Faith Hill",2001,0.325,0.532,"G#",-7.208,"major",0.0308,0.496,0,0.134,0.162,129.021,220840,4
51,"This I Promise You","NSYNC",2001,0.55,0.587,"D",-6.279,"major",0.0329,0.354,0,0.128,0.466,165.975,284760,4
47,"This Is the Night","Clay Aiken",2003,0.528,0.56,"B",-8.296,"major",0.0268,0.151,1.28e-06,0.3,0.372,99.037,212200,4
4,"This Love","Maroon 5",2004,0.712,0.862,"F",-4.612,"minor",0.0378,0.0525,0,0.093,0.809,95.051,206200,4
61,"Thoia Thoing","R. Kelly",2003,0.582,0.642,"C#",-4.925,"major",0.307,0.274,2.98e-05,0.0717,0.936,85.565,221267,4
14,"Thong Song","Sisqó",2000,0.706,0.888,"D",-6.959,"major",0.0654,0.119,9.64e-05,0.07,0.714,121.549,253733,4
61,"Through the Wire","Kanye West",2004,0.571,0.739,"G",-6.11,"major",0.247,0.00865,5.21e-06,0.158,0.66,83.089,221227,4
80,"Thugz Mansion","2Pac",2003,0.703,0.639,"F",-6.183,"minor",0.281,0.299,0,0.139,0.893,87.908,247600,4
11,"Tipsy","J-Kwon",2004,0.925,0.744,"C",-5.79,"major",0.367,0.0644,0,0.0888,0.656,93.02,243227,4
48,"Toxic","Britney Spears",2004,0.774,0.838,"F",-3.914,"minor",0.114,0.0249,0.025,0.242,0.924,143.04,198800,4
12,"Try Again","Aaliyah",2000,0.794,0.662,"F#",-4.913,"minor",0.249,0.0789,0,0.0937,0.683,93.053,284640,4
27,"Turn Me On","Kevin Lyttle",2004,0.677,0.682,"A",-6.879,"major",0.0361,0.0405,0,0.0351,0.875,106.279,192107,4
70,"Turn Off the Light","Nelly Furtado",2001,0.589,0.687,"D",-6.222,"major",0.097,0.0778,0.000289,0.419,0.649,180.215,276067,4
16,"U Don't Have to Call","Usher",2002,0.793,0.568,"C#",-4.958,"major",0.0459,0.0478,3.57e-05,0.0304,0.806,100.005,269400,4
9,"U Got It Bad","Usher",2002,0.816,0.5,"C#",-4.551,"major",0.03,0.0227,1.53e-06,0.0733,0.649,124.037,247840,4
65,"U Know What's Up","Donell Jones",2000,0.854,0.543,"G#",-6.166,"minor",0.0844,0.0402,5.73e-05,0.0419,0.868,103.032,243733,4
15,"U Remind Me","Usher",2001,0.657,0.629,"F#",-4.938,"major",0.0782,0.194,0,0.254,0.726,93.985,266893,4
90,"Uh Huh","B2K",2002,0.855,0.681,"D",-4.955,"major",0.0688,0.0881,3.7e-06,0.0592,0.908,99.699,223293,4
59,"Underneath It All","No Doubt",2003,0.729,0.731,"E",-4.823,"major",0.0682,0.235,1.35e-06,0.391,0.838,138.204,302720,4
59,"Underneath It All","Lady Saw",2003,0.776,0.719,"E",-8.641,"major",0.0373,0.0454,0.48,0.122,0.966,138.044,250567,4
66,"Underneath Your Clothes","Shakira",2002,0.616,0.597,"G#",-5.328,"major",0.0415,0.691,0,0.104,0.362,165.508,224067,4
6,"Unwell","Matchbox Twenty",2003,0.256,0.788,"F#",-5.263,"minor",0.0403,0.0298,0,0.707,0.429,80.718,228707,4
99,"Waiting for Tonight","Jennifer Lopez",2000,0.695,0.945,"A#",-6.165,"minor",0.0418,0.00341,0.0727,0.103,0.84,125.013,246427,4
57,"Walked Outta Heaven","Jagged Edge",2004,0.67,0.616,"A#",-6.123,"major",0.225,0.573,0,0.0535,0.523,120.129,270880,4
63,"Wanksta","50 Cent",2003,0.806,0.867,"C#",-3.538,"major",0.157,0.02,0,0.131,0.904,81.033,219400,4
26,"Wasting My Time","Default",2002,0.449,0.776,"D",-5.594,"major",0.0322,0.00171,0,0.0698,0.198,148.11,269307,4
83,"We Thuggin'","Fat Joe",2002,0.896,0.649,"G#",-3.792,"major",0.208,0.177,0,0.0759,0.822,99.107,213533,4
90,"What About Now","Lonestar",2000,0.663,0.819,"E",-7.464,"major",0.0335,0.147,0,0.0915,0.73,125.878,210000,4
65,"What About Us?","Brandy",2002,0.524,0.732,"A#",-1.595,"minor",0.355,0.257,0,0.439,0.736,185.932,250067,4
87,"What Was I Thinkin'","Dierks Bentley",2003,0.551,0.825,"F",-6.24,"minor",0.044,0.152,6.2e-06,0.0999,0.933,164.857,260827,4
22,"What Would You Do?","City High",2001,0.733,0.794,"G",-6.909,"major",0.223,0.259,0,0.483,0.832,95.877,175560,4
19,"What a Girl Wants","Christina Aguilera",2000,0.754,0.819,"C",-6.833,"major",0.112,0.0684,0,0.345,0.818,142.137,215800,4
8,"What's Luv?","Fat Joe",2002,0.839,0.754,"G#",-4.165,"major",0.0794,0.0119,4.73e-06,0.0462,0.866,93.863,229933,4
5,"When I'm Gone","3 Doors Down",2003,0.53,0.768,"G",-5.611,"major",0.0284,0.00385,0,0.103,0.374,148.095,260333,4
46,"When It's Over","Sugar Ray",2001,0.675,0.775,"E",-5.772,"major",0.0522,0.0387,0,0.383,0.933,99.945,217853,4
28,"Whenever, Wherever","Shakira",2002,0.794,0.832,"C#",-4.862,"minor",0.0407,0.237,1.14e-05,0.203,0.871,107.657,196160,4
81,"Where I Wanna Be","Donell Jones",2000,0.664,0.396,"F",-9.131,"minor",0.0298,0.52,0,0.268,0.453,102.053,253627,4
26,"Where Is the Love?","Black Eyed Peas",2003,0.834,0.699,"F",-3.222,"major",0.178,0.111,0,0.131,0.809,94.086,272533,4
98,"Where Were You (When the World Stopped Turning)","Alan Jackson",2002,0.642,0.388,"C",-9.194,"major",0.0322,0.473,0,0.0754,0.186,115.355,305093,4
16,"Where the Party At","Jagged Edge",2001,0.596,0.661,"F",-6.239,"minor",0.226,0.31,0,0.0847,0.86,129.491,232573,5
5,"Wherever You Will Go","The Calling",2002,0.558,0.719,"D",-5.113,"major",0.0267,0.0367,0,0.115,0.371,112.027,208600,4
17,"Whistle","Flo Rida",2012,0.747,0.937,"C",-5.746,"major",0.0453,0.0208,0,0.29,0.739,103.976,224653,4
36,"White Flag","Dido",2004,0.509,0.538,"F",-6.835,"major",0.0379,0.306,5.03e-06,0.091,0.284,170.111,240600,4
82,"Who I Am","Jessica Andrews",2001,0.463,0.674,"G",-5.422,"major",0.0319,0.0115,0,0.123,0.259,84.039,255234,4
53,"Why Don't You & I","Santana",2003,0.495,0.894,"A#",-4.89,"major",0.102,0.136,0,0.106,0.777,168.062,274360,4
62,"Why?","Jadakiss",2004,0.602,0.938,"C#",-3.378,"minor",0.238,0.0164,0,0.0612,0.562,168.417,240000,4
62,"Why?","Anthony Hamilton",2004,0.664,0.575,"G",-6.924,"minor",0.172,0.484,1.75e-05,0.146,0.711,88.32,265200,4
53,"Wifey","Next",2000,0.831,0.713,"G",-6.967,"minor",0.104,0.0678,0,0.0659,0.683,99.584,243467,4
36,"With Arms Wide Open","Creed",2000,0.41,0.539,"C",-8.412,"major",0.0302,0.00425,0.00089,0.117,0.141,138.852,274800,4
50,"With You","Jessica Simpson",2004,0.553,0.756,"C",-4.583,"major",0.108,0.0923,0,0.215,0.605,94.487,191827,4
21,"Without Me","Eminem",2002,0.908,0.669,"G",-2.827,"major",0.0738,0.00286,0,0.237,0.662,112.238,290320,4
54,"Wonderful","Everclear",2000,0.514,0.817,"G",-6.489,"major",0.05,0.0118,8.25e-06,0.346,0.734,186.765,280813,4
36,"Work It","Missy Elliott",2003,0.884,0.677,"C#",-5.603,"major",0.283,0.0778,0,0.0732,0.584,101.868,263227,4
1,"Yeah!","Usher",2004,0.894,0.791,"D",-4.699,"major",0.112,0.0183,0,0.0388,0.583,105.018,250373,4
1,"Yeah!","Lil Jon",2004,0.768,0.843,"A",-4.549,"major",0.0433,0.203,0,0.0561,0.763,123.951,146133,4
79,"Yes!","Chad Brock",2000,0.674,0.623,"D",-5.97,"major",0.0283,0.00408,5.61e-05,0.0488,0.452,126.547,206733,4
29,"You Don't Know My Name","Alicia Keys",2004,0.264,0.663,"A",-8.264,"major",0.187,0.59,0.00443,0.342,0.249,167.078,366733,4
22,"You Sang to Me","Marc Anthony",2000,0.578,0.894,"A#",-5.42,"major",0.0296,0.0103,2.66e-06,0.216,0.741,165.98,347107,4
91,"You Shouldn't Kiss Me Like This","Toby Keith",2001,0.439,0.665,"G",-7.671,"major",0.0351,0.474,1.56e-05,0.26,0.328,168.707,223467,4
48,"Your Body Is a Wonderland","John Mayer",2003,0.647,0.729,"F",-6.251,"major",0.0236,0.0206,0.0489,0.134,0.687,94.01,249627,4
